,symbol,name,isin,sector,industry,country,exchange
0,AADR,,US00768Y2063,,,,
1,AAF,,INE322R01014,,,,
2,AALB,AALBERTS NV,INE717E01013,,,,Euronext Amsterdam
3,AAXJ,,US4642881829,,,,
4,ABCA,ABC ARBITRAGE,DK0000ABA001,,,,Euronext Paris
5,ABO,ABO GROUP,BE0974278104,,,,Euronext Brussels
6,ACABU,,AU000000CLZ3,,,,
7,ACCB,ACCENTIS,BE0003696102,,,,Euronext Brussels
8,ACCEL,ACCELL GROUP,INE020G01017,,,,Euronext Amsterdam
9,ACEVW,,INE715F01014,,,,
10,ACKB,ACKERMANS V.HAAREN,JP3121120004,,,,Euronext Brussels
11,ACKIT,,US00461L3033,,,,
12,ACKIU,,US00461L2043,,,,
13,ACOMO,AMSTERDAM COMMOD.,JP3161290006,,,,Euronext Amsterdam
14,ACWI,,US4642882579,,,,
15,ACWX,,US4642882405,,,,
16,ADRE,,US46090C3051,,,,
17,ADUX,ADUX,DE00AUX00000,,,,Euronext Paris
18,ADVI,ADVINI,FR0000053043,,,,Euronext Paris
19,ADVIC,ADVICENNE,FR0013296746,,,,Euronext Paris
20,ADYEN,ADYEN,JP3122380003,,,,Euronext Amsterdam
21,AEACW,,DE000A1MMEV4,,,,
22,AEGA,AEGA,SE0014401121,,,,Euronext Expand Oslo
23,AFISH,ARCTIC FISH HOLDIN,INE011R01013,,,,Euronext Growth Oslo
24,AGN,AEGON,JP3780150003,,,,Euronext Amsterdam
25,AIA,,US4642884302,,,,
26,AIRR,,US33738R7044,,,,
27,AIRX,AIRTHINGS,GB0008123027,,,,Euronext Growth Oslo
28,AJAX,AJAX,INE031B01049,,,,Euronext Amsterdam
29,AJB,,INE229B01015,,,,
30,AKE,ARKEMA,NO0010936081,,,,Euronext Paris
31,AKICW,,GB00BYV31355,,,,
32,AKW,AKWEL,DE000A3CSTW4,,,,Euronext Paris
33,AKZA,AKZO NOBEL,FR0004180537,,,,Euronext Amsterdam
34,ALACT,ACTICOR BIOTECH,AU000000AQG6,,,,Euronext Growth Paris
35,ALADA,ADA,INE243E01010,,,,Euronext Growth Paris
36,ALALO,ACHETER-LOUER.FR,NET00AVA1230,,,,Euronext Growth Paris
37,ALAMA,AMA CORPORATION,SA12CG541C16,,,,Euronext Growth Paris
38,ALAUD,AUDACIA,FI0009001127,,,,Euronext Growth Paris
39,ALBI,GASCOGNE,GB00B1G3LR35,,,,Euronext Growth Paris
40,ALBIO,BIOSYNEX,FR0012332864,,,,Euronext Growth Paris
41,ALBOA,BOA CONCEPT,DE0006209901,,,,Euronext Growth Paris
42,ALCES,CESAR,GB00BGQVB052,,,,Euronext Growth Paris
43,ALCHI,ALCHIMIE,FR0014000JX7,,,,Euronext Growth Paris
44,ALCOR,BIOCORP,JP3126210008,,,,Euronext Growth Paris
45,ALCUR,ARCURE,FR0013398997,,,,Euronext Growth Paris
46,ALD,ALD,US97717X8424,,,,Euronext Paris
47,ALDAR,DAMARTEX,INE673E01018,,,,Euronext Growth Paris
48,ALDEL,DELFINGEN,DK0060299063,,,,Euronext Growth Paris
49,ALDEV,DEVERNOIS,CH0006668930,,,,Euronext Growth Paris
50,ALDR,DELTA DRONE,SA000A0HNGZ6,,,,Euronext Growth Paris
51,ALDV,ADC SIIC,SA000A0HNGZ6,,,,Euronext Paris
52,ALECR,EUROFINS CEREP,CA01450V1040,,,,Euronext Growth Paris
53,ALENO,ENOGIA,JO3128711012,,,,Euronext Growth Paris
54,ALENT,ENTREPARTICULIERS,JO3128711012,,,,Euronext Growth Paris
55,ALEXA,EXACOMPTA CLAIREF.,EGS30471C014,,,,Euronext Growth Paris
56,ALFEN,ALFEN,IS0000024602,,,,Euronext Amsterdam
57,ALFRE,FREELANCE.COM,SA000A0HNGZ6,,,,Euronext Growth Paris
58,ALGBE,GLOBAL BIOENERGIES,FR0011052257,,,,Euronext Growth Paris
59,ALGEN,GENOWAY,BG11ALBAAT17,,,,Euronext Growth Paris
60,ALGRO,GROLLEAU,ARAGRO010015,,,,Euronext Growth Paris
61,ALIDS,IDSUD,JO3122011013,,,,Euronext Growth Paris
62,ALIE,ILBE,JP3399240005,,,,Euronext Growth Paris
63,ALINT,INTEGRAGEN,JP3126100001,,,,Euronext Growth Paris
64,ALISP,ISPD,JO3122011013,,,,Euronext Growth Paris
65,ALKAL,KALRAY,INE773I01017,,,,Euronext Growth Paris
66,ALKEM,GROUPE BERKEM,INE540L01014,,,,Euronext Growth Paris
67,ALKER,MEDIA MAKER,IT0005314635,,,,Euronext Growth Paris
68,ALKOM,KOMPUESTOS,BG11ALSUAT14,,,,Euronext Growth Paris
69,ALLAN,LANSON-BCC,DE000A0DPRE6,,,,Euronext Growth Paris
70,ALLEC,COGELEC,DE0005034201,,,,Euronext Growth Paris
71,ALLEX,LEXIBOOK LINGUIST.,DE0005034201,,,,Euronext Growth Paris
72,ALLGO,LARGO,DE000A2GS633,,,,Euronext Growth Paris
73,ALLIX,WALLIX,US01877C7056,,,,Euronext Growth Paris
74,ALLOG,LOGIC INSTRUMENT,AU0000183915,,,,Euronext Growth Paris
75,ALMAK,MAKHEIA GROUP,IT0005434615,,,,Euronext Growth Paris
76,ALMAR,MARE NOSTRUM,SA000A0ETHT1,,,,Euronext Growth Paris
77,ALMAS,MASTRAD,IT0005434615,,,,Euronext Growth Paris
78,ALMDP,MEDESIS PHARMA,US02217B2097,,,,Euronext Growth Paris
79,ALMER,SAPMER,JP3126520000,,,,Euronext Growth Paris
80,ALMET,METHANOR,JP3126500002,,,,Euronext Growth Paris
81,ALNG,AWILCO LNG,NO0010607971,,,,Euronext Expand Oslo
82,ALNOR,NEXPONOR-SICAFI,INE422G01015,,,,Euronext Growth Lisbon
83,ALNOV,NOVACYT,CH0000AEN011,,,,Euronext Growth Paris
84,ALO,ALSTOM,INE527R01018,,,,Euronext Paris
85,ALONC,ONCODESIGN,JP3126100001,,,,Euronext Growth Paris
86,ALORA,ALTHEORA,INE527R01018,,,,Euronext Growth Paris
87,ALPAR,GPE PAROT (AUTO),CH0001413704,,,,Euronext Growth Paris
88,ALPER,LA PERLA FASHION,JP3126470008,,,,Euronext Growth Paris
89,ALPHA,PHARNEXT,JP3126360001,,,,Euronext Growth Paris
90,ALPHE,PHERECYDES PHARMA,JP3126410004,,,,Euronext Growth Paris
91,ALPHI,FACEPHI,JP3126410004,,,,Euronext Growth Paris
92,ALPLA,PLANET MEDIA,FR0013410370,,,,Euronext Growth Paris
93,ALPRI,PRISMAFLEX INTL,PTALT0AE0002,,,,Euronext Growth Paris
94,ALPRO,PRODWARE,INE579B01039,,,,Euronext Growth Paris
95,ALSEN,SENSORION,JP3126470008,,,,Euronext Growth Paris
96,ALSER,SERMA GROUP,JP3126460009,,,,Euronext Growth Paris
97,ALTA,ALTAREA,CA02144U2056,,,,Euronext Paris
98,ALTAN,LE TANNEUR,CA02143B2084,,,,Euronext Growth Paris
99,ALTEV,ENVEA,JP3126350002,,,,Euronext Growth Paris
100,ALTHE,THERACLION,INE057D01016,,,,Euronext Growth Paris
101,ALTIV,TIVOLY,FI4000292438,,,,Euronext Growth Paris
102,ALTOO,TOOSLA,CH0001689683,,,,Euronext Growth Paris
103,ALTRI,TRILOGIQ,PTALT0AE0002,,,,Euronext Growth Paris
104,ALTRO,TRONICS,ZAE000191342,,,,Euronext Growth Paris
105,ALTUR,ALTUR INVEST.,ROALTCACNOR1,,,,Euronext Paris
106,ALUCI,LUCIBEL,GRS289103004,,,,Euronext Growth Paris
107,ALUCR,UCAR,ARALUA010258,,,,Euronext Growth Paris
108,ALUMS,UMANIS,GB0000280353,,,,Euronext Growth Paris
109,ALVER,VERGNET,FR0013253812,,,,Euronext Growth Paris
110,ALVIV,VISIATIV,INE461H01011,,,,Euronext Growth Paris
111,ALWF,WINFARM,CH0453226893,,,,Euronext Growth Paris
112,AMPLI,AMPLITUDE SURGICAL,FR0012789667,,,,Euronext Paris
113,AMUN,AMUNDI,FR0004125920,,,,Euronext Paris
114,AMUND,ALMUNDA PRO NV,CH0002271010,,,,Euronext Amsterdam
115,ANDF,ANDFJORD SALMON,NO0010829765,,,,Euronext Growth Oslo
116,ANGL,,US92189F4375,,,,
117,ANTIN,ANTIN INFRA PARTN,FR0014005AL0,,,,Euronext Paris
118,ANTO,,GB0000455849,,,,
119,AOW,AKER OFFSHORE WIND,JP3105900009,,,,Euronext Growth Oslo
120,APA,,US03743Q1085,,,,
121,APAX,,PLAPATR00018,,,,
122,ARAMI,ARAMIS GROUP,FR0014003U94,,,,Euronext Paris
123,ARCAD,ARCADIS,AU0000145815,,,,Euronext Amsterdam
124,ARDO,ARDOIN ST AMAND B,FR0005057635,,,,Euronext Access Paris
125,ARGEO,ARGEO,NO0010946593,,,,Euronext Growth Oslo
126,ARTO,ARTOIS NOM.,INE133D01023,,,,Euronext Paris
127,ASET,,US33939L7385,,,,
128,ASHM,,JP3118400005,,,,
129,ASIT,ASIT,SE0003036821,,,,Euronext Brussels
130,ASPCW,,ROCMPSACNOR9,,,,
131,ASTRO,ASTROCAST,AU000000ARO8,,,,Euronext Growth Oslo
132,ATEB,ATENOR,PLATMSI00016,,,,Euronext Brussels
133,ATEME,ATEME,FR0011992700,,,,Euronext Paris
134,ATSPT,,US0395623012,,,,
135,ATSPU,,US0395622022,,,,
136,AURE,AUREA,FR0000039232,,,,Euronext Paris
137,AURS,AURES TECHNOLOGIES,NO0006001601,,,,Euronext Paris
138,AVV,,INE461H01011,,,,
139,AXW,AXWAY SOFTWARE,FR0011040500,,,,Euronext Paris
140,AYFIE,AYFIE GROUP,AU000000MFD1,,,,Euronext Growth Oslo
141,AZE,AZELIS GROUP,JP3120070002,,,,Euronext Brussels
142,BAB,,US46138G8050,,,,
143,BACE,BRIGADE M3 SHA,SE0008015259,,,,Euronext Amsterdam
144,BAIN,BAINS MER MONACO,FR0000051302,,,,Euronext Paris
145,BALTA,BALTA GROUP,BE0974314461,,,,Euronext Brussels
146,BALYO,BALYO,INE119R01014,,,,Euronext Paris
147,BARC,,JP3778310007,,,,
148,BARRA,BARRAMUNDI GROUP,NZBRME0001S2,,,,Euronext Growth Oslo
149,BAS,BASILIX CERT,RU0007976957,,,,Euronext Brussels
150,BASS,BASSAC,AU000000BAS3,,,,Euronext Paris
151,BBED,BETER BED,LU1068091351,,,,Euronext Amsterdam
152,BBH,,US92189F7261,,,,
153,BEAB,BEAULIEU-AV. CERT,NET000BODY01,,,,Euronext Brussels
154,BEEMW,,NET000SPR123,,,,
155,BEKB,BEKAERT,CH0009691608,,,,Euronext Brussels
156,BELR,BELRECA,BE0020575115,,,,Euronext Brussels
157,BELU,BELUGA,BE0003723377,,,,Euronext Brussels
158,BENER,,FI4000507488,,,,
159,BENEW,,FI4000507488,,,,
160,BERR,FIN.ETANG BERRE,DE0008214800,,,,Euronext Paris
161,BEVER,BEVER HOLDING,NL0000285278,,,,Euronext Amsterdam
162,BFIT,,US37954Y7985,,,,
163,BGRYW,,GB00BVDPPV41,,,,
164,BIB,,US74347R2141,,,,
165,BICK,,US33733H1077,,,,
166,BIFF,,ROBIOFACNOR9,,,,
167,BIM,BIOMERIEUX,IT0000074077,,,,Euronext Paris
168,BIOTW,,NET000CABIO1,,,,
169,BIRG,BANK OF IRELAND GP,NET000BIRD01,,,,Euronext Dublin
170,BIS,,US74347B7890,,,,
171,BJK,,US92189F8822,,,,
172,BLEE,BLEECKER,FR0000062150,,,,Euronext Paris
173,BLEUU,,KYG117281215,,,,
174,BLV,BELIEVE,US9219377937,,,,Euronext Paris
175,BMAQR,,DE000A0M93V6,,,,
176,BNB,BQUE NAT. BELGIQUE,KR7138930003,,,,Euronext Brussels
177,BNBS,DRONE VOLT BS26,CH0012684657,,,,Euronext Growth Paris
178,BND,,US9219378356,,,,
179,BNDX,,US92203J4076,,,,
180,BNGO,,US09075F1075,,,,
181,BNKR,,ID1000099708,,,,
182,BOKA,BOSKALIS WESTMIN,SE0008091581,,,,Euronext Amsterdam
183,BOLS,LUCASBOLS,NL0010998878,,,,Euronext Amsterdam
184,BOTHE,BONE THERAPEUTICS,JP3647600000,,,,Euronext Brussels
185,BOTZ,,US37954Y7159,,,,
186,BPOST,BPOST,FR0011814938,,,,Euronext Brussels
187,BRA,BRABANK,DK0061670205,,,,Euronext Growth Oslo
188,BRBY,,AU000000BBN2,,,,
189,BRILL,BRILL KON,NL0000442523,,,,Euronext Amsterdam
190,BRLIR,,DE0005272702,,,,
191,BRLIW,,DE0005272702,,,,
192,BRPMW,,SE0002016352,,,,
193,BRSC,,FR0004034320,,,,
194,BSCM,,US46138J8826,,,,
195,BSCN,,US46138J8669,,,,
196,BSCO,,US46138J8412,,,,
197,BSCP,,US46138J8255,,,,
198,BSCQ,,US46138J7919,,,,
199,BSD,BOURSE DIRECT,JP3799680008,,,,Euronext Paris
200,BSGAR,,FI4000507488,,,,
201,BSJM,,US46138J8743,,,,
202,BSJN,,US46138J8586,,,,
203,BSJO,,US46138J8339,,,,
204,BTEC,,US74255Y4098,,,,
205,BTWNW,,AU000000TTA3,,,,
206,BVI,BUREAU VERITAS,DE0005229504,,,,Euronext Paris
207,BYG,,NO0003087603,,,,
208,CAFO,CAFOM,GB0001615219,,,,Euronext Paris
209,CAMB,CAMPINE,IM00B28CVH58,,,,Euronext Brussels
210,CAMBI,CAMBI,NO0010078850,,,,Euronext Growth Oslo
211,CAP,CAPGEMINI,AU0000XINAS1,,,,Euronext Paris
212,CAPLI,CAPELLI,INE475E01026,,,,Euronext Paris
213,CAPSL,CO2 CAPSOL,DE000A2G9M17,,,,Euronext Growth Oslo
214,CARM,CARMILA,JP3512740006,,,,Euronext Paris
215,CARP,CARPINIENNE PART.,DE000A1MBGZ3,,,,Euronext Paris
216,CARZ,,US33734X3098,,,,
217,CATH,,US37954Y8892,,,,
218,CATR,CATERPILLAR INC,FR0000064446,,,,Euronext Paris
219,CBOT,CBO TERRITORIA,FR0010193979,,,,Euronext Paris
220,CCC,,PLCCC0000016,,,,
221,CCH,,SG2B96959558,,,,
222,CCN,CRCAM NORM.SEINE,FR0000044364,,,,Euronext Paris
223,CCR,,FR0000045346,,,,
224,CDA,ALPES (COMPAGNIE),FR0000053324,,,,Euronext Paris
225,CDC,,US92647N8240,,,,
226,CENER,CENERGY,BE0974303357,,,,Euronext Brussels
227,CFA,,US92647N7663,,,,
228,CFO,,US92647N7820,,,,
229,CGG,CGG,FR0013181864,,,,Euronext Paris
230,CHRY,,AU000000PIL1,,,,
231,CIBR,,US33734X8469,,,,
232,CIL,,US92647N8406,,,,
233,CIRCA,CIRCA GROUP,NO0010917594,,,,Euronext Growth Oslo
234,CIV,CRCAM ILLE-VIL.CCI,FR0000045213,,,,Euronext Paris
235,CIZ,,US92647N8166,,,,
236,CLA,CLARANOVA,FR0013426004,,,,Euronext Paris
237,CLEX,CUMULEX,DE000A1EWXA4,,,,Euronext Brussels
238,CMAXW,,GB00BNLPYF73,,,,
239,CMCAU,,KYG1889L1187,,,,
240,CMCX,,JP3347170007,,,,
241,CMO,CRCAM MORBIHAN CCI,GB00BMB5Y385,,,,Euronext Paris
242,CNCR,,US26922A8264,,,,
243,CNGLU,,US13767K2006,,,,
244,COA,,DE000A0WMJQ4,,,,
245,COFA,COFACE,FR0010667147,,,,Euronext Paris
246,COLR,COLRUYT,COD02PA00018,,,,Euronext Brussels
247,COM,CNIM GROUP,US25460E3071,,,,Euronext Paris
248,COV,COVIVIO,FR0000064578,,,,Euronext Paris
249,COX,NICOX,FR0013018124,,,,Euronext Paris
250,CPI,,US45409B6020,,,,
251,CRAP,CRCAM ALP.PROV.CCI,CA22459L1031,,,,Euronext Paris
252,CRAV,CRCAM ATL.VEND.CCI,INE145E01017,,,,Euronext Paris
253,CRBN,CORBION,US46434V4648,,,,Euronext Amsterdam
254,CRG,CRH PLC ord,IE0001827041,,,,Euronext Dublin
255,CROS,CROSSWOOD,FR0000050395,,,,Euronext Paris
256,CSA,,US92647N8323,,,,
257,CSAM,CSAM HEALTH GROUP,NO0010894512,,,,Euronext Growth Oslo
258,CSB,,US92647N8737,,,,
259,CSF,,US92647N7747,,,,
260,CSS,CLEAN SEAS SEAFOOD,JP3425500000,,,,Euronext Growth Oslo
261,CSSEN,,PLENTER00017,,,,
262,CTAC,CTAC,NL0000345577,,,,Euronext Amsterdam
263,CTAQW,,FI4000507488,,,,
264,CUR,AGUAS DA CURIA,JP3220900009,,,,Euronext Access Lisbon
265,CV,ZCI LIMITED,FR0000079634,,,,Euronext Paris
266,CXSE,,US97717X7194,,,,
267,CYVIZ,CYVIZ,NO0010015175,,,,Euronext Growth Oslo
268,DARK,,INE830S01014,,,,
269,DAX,,US37954Y4917,,,,
270,DBG,DERICHEBOURG,FR0000053381,,,,Euronext Paris
271,DBV,DBV TECHNOLOGIES,US46139B1026,,,,Euronext Paris
272,DCC,,INE132E01015,,,,
273,DEC,,INE132E01015,,,,
274,DEE,DEE TECH SHARES,US25154H4838,,,,Euronext Paris
275,DGB,DGB GROUP N.V.,KR7139130009,,,,Euronext Amsterdam
276,DGE,DIAGEO,GB0002374006,,,,Euronext Paris
277,DGM,DIAGNOSTIC MEDICAL,INE498A01018,,,,Euronext Paris
278,DGRE,,US97717W3236,,,,
279,DGRS,,US97717X6519,,,,
280,DGRW,,US97717X6691,,,,
281,DHG,DALATA HOTEL GP.,IE00BJMZDW83,,,,Euronext Dublin
282,DIE,D'IETEREN GROUP,JP3817400009,,,,Euronext Brussels
283,DIEG,DIEGEM KENNEDYCERT,DE0005580005,,,,Euronext Brussels
284,DIM,SARTORIUS STED BIO,US97717W7781,,,,Euronext Paris
285,DISL,DISTRI-LAND CERT,KR7034220004,,,,Euronext Brussels
286,DLE,DATALEX PLC,JP3548760002,,,,Euronext Growth Dublin
287,DLG,,JP3548760002,,,,
288,DLN,,US97717W3079,,,,
289,DPA,DPA GROUP,NL0009197771,,,,Euronext Amsterdam
290,DRX,,JP3282750003,,,,
291,DSY,DASSAULT SYSTEMES,FR0014003TT8,,,,Euronext Paris
292,DSY.PA,,FR0000033243,,,,
293,DUNEW,,KYG3166N1060,,,,
294,DVY,,US4642871689,,,,
295,DWAS,,US46138E8425,,,,
296,DWAT,,US0427657921,,,,
297,DXGE,,US97717W4481,,,,
298,DXJS,,US97717W5215,,,,
299,EAM,EAM SOLAR,NO0010607781,,,,Euronext Expand Oslo
300,EBOX,,NET000EVBOX7,,,,
301,EBUS,EBUSCO HOLDING,NL0015000CZ2,,,,Euronext Amsterdam
302,ECIT,ECIT AS B-AKSJER,NO0010939804,,,,Euronext Growth Oslo
303,ECO,ECOONLINE HOLDING,NO0010936891,,,,Euronext Growth Oslo
304,ECONB,ECONOCOM GROUP,JP3755800004,,,,Euronext Brussels
305,ECT,EUROCASTLE INVEST.,SE0015987714,,,,Euronext Amsterdam
306,EDPR,EDP RENOVAVEIS,IT0001477402,,,,Euronext Lisbon
307,EDTXW,,JP3533300004,,,,
308,EDV,,US9219107094,,,,
309,EEM,ELECT. MADAGASCAR,US4642872349,,,,Euronext Paris
310,EEMA,,US4642864262,,,,
311,EFAS,,US37954Y6995,,,,
312,EFI,EURASIA FONC INV,CA28203E1051,,,,Euronext Paris
313,EFUEL,EVERFUEL,FR0014001PM5,,,,Euronext Growth Oslo
314,EGL,MOTA ENGIL,PTMEN0AE0005,,,,Euronext Lisbon
315,EIFF,TOUR EIFFEL,FR0000036816,,,,Euronext Paris
316,EKI,EKINOPS,CH0011607683,,,,Euronext Paris
317,EKOP,EKOPAK,BE0974380124,,,,Euronext Brussels
318,ELABS,ELLIPTIC LABORATOR,DE000A1YDGT7,,,,Euronext Growth Oslo
319,ELIOR,ELIOR GROUP,PLALIOR00045,,,,Euronext Paris
320,ELIS,ELIS,FR0012435121,,,,Euronext Paris
321,ELM,,CH0005319162,,,,
322,ELOP,ELOP,NO0010864036,,,,Euronext Growth Oslo
323,EMB,,US4642882819,,,,
324,EMCB,,US97717X7848,,,,
325,EMXC,,FR0014004339,,,,
326,ENCP,,JP3435700004,,,,
327,ENCPU,,KYG304491130,,,,
328,ENGI,ENGIE,FR0013215407,,,,Euronext Paris
329,ENNVW,,AU0000067514,,,,
330,ENOG,,FR0014004974,,,,
331,ENT,,NET000ENTRA9,,,,
332,ENTPA,ENTP ORD SHARES,NET000ENTRA9,,,,Euronext Amsterdam
333,ENVIP,ENVIPCO HOLDING,JP3169750001,,,,Euronext Growth Oslo
334,ENVIW,,ROIMPCACNOR0,,,,
335,ENXP,EURONEXT,NL0006294274,,,,Euronext Lisbon
336,ENZL,,US4642891232,,,,
337,EO,FAURECIA,SE0007075056,,,,Euronext Paris
338,ERA,ERAMET,EGS3C151C015,,,,Euronext Paris
339,ERESW,,AU000000EER1,,,,
340,ESG,ESG CORE INVEST,US33939L6965,,,,Euronext Amsterdam
341,ESGD,,US46435G5163,,,,
342,ESGE,,US46434G8630,,,,
343,ESGT,ESG CORE TREAS SHA,COD08PA00015,,,,Euronext Amsterdam
344,ESGU,,US46435G4257,,,,
345,ESON,ESTORIL SOL N,PTESO0AM0000,,,,Euronext Lisbon
346,ETL,EUTELSAT COMMUNIC.,US29760G1031,,,,Euronext Paris
347,EUCAR,EUROPCAR MOBILITY,INE472M01018,,,,Euronext Paris
348,EUFN,,US4642891802,,,,
349,EUR,EURO RESSOURCES,FR0000054678,,,,Euronext Paris
350,EURS,FONCIERE EURIS,FR0000061475,,,,Euronext Paris
351,EVGBC,,INE554H01021,,,,
352,EVS,EVS BROADC.EQUIPM.,BE0003820371,,,,Euronext Brussels
353,EVSTC,,US27830G6089,,,,
354,EWI,,US46434G8309,,,,
355,EWZS,,US4642891315,,,,
356,EXPN,,FR0004177046,,,,
357,EZJ,,US74347X7084,,,,
358,FAAR,,US33740Y1010,,,,
359,FAB,,US33733C1080,,,,
360,FAD,,US33733F1012,,,,
361,FAGR,FAGRON,SE0010048884,,,,Euronext Brussels
362,FALN,,US46435G4745,,,,
363,FAN,,US33736G1067,,,,
364,FATL,FONCIERE ATLAND,DE0005939615,,,,Euronext Paris
365,FAUV,FAUVET GIREL,FR0000063034,,,,Euronext Paris
366,FAYE,FAYENC.SARREGUEMI.,BG11FASIAT18,,,,Euronext Paris
367,FBZ,,US33737J1337,,,,
368,FCA,,US33737J1410,,,,
369,FCEF,,US33740F4090,,,,
370,FCMC,FERM.CAS.MUN.CANNE,FR0000062101,,,,Euronext Paris
371,FCP,FUT.CLUBE PORTO,PTFCP0AM0008,,,,Euronext Lisbon
372,FCVT,,US33739Q5071,,,,
373,FDIV,,US33739Q3092,,,,
374,FDM,,US33718M1053,,,,
375,FDT,,US33737J1741,,,,
376,FDTS,,CA04315L7097,,,,
377,FEM,,US33737J1824,,,,
378,FEP,,US33737J1170,,,,
379,FEUZ,,US33737J5056,,,,
380,FEX,,US33734K1097,,,,
381,FEXD,,JP3802830004,,,,
382,FEXDR,,JP3802830004,,,,
383,FEXDU,,US3181362076,,,,
384,FFIEW,,IT0005023038,,,,
385,FGA,FIGEAC AERO,CNE1000025D1,,,,Euronext Paris
386,FGM,,US33737J1907,,,,
387,FGP,,INE512A01016,,,,
388,FGR,EIFFAGE,EGS385S1C012,,,,Euronext Paris
389,FGT,,JP3166940001,,,,
390,FII,LISI,IT0001498481,,,,Euronext Paris
391,FINMW,,BG1100006979,,,,
392,FINX,,US37954Y8140,,,,
393,FIPP,FIPP,FR0000038184,,,,Euronext Paris
394,FIXD,,US33740F8059,,,,
395,FJP,,US33737J1584,,,,
396,FLACW,,INE563J01010,,,,
397,FLEXD,FLEXDEAL,PTFXD0AM0018,,,,Euronext Lisbon
398,FLN,,US33737J1253,,,,
399,FLOB,FLORIDIENNE,JP3829300007,,,,Euronext Brussels
400,FLTR,FLUTTER ENTERTAIN,US92189F4862,,,,Euronext Dublin
401,FLY,FONCIERE LYONNAISE,JP3549370009,,,,Euronext Paris
402,FLYR,FLYR,NO0010931900,,,,Euronext Growth Oslo
403,FMB,,US33739N1081,,,,
404,FNAC,FNAC DARTY,CA0324721020,,,,Euronext Paris
405,FNK,,US33737M2017,,,,
406,FNX,,US33735B1089,,,,
407,FNY,,US33737M1027,,,,
408,FORSE,FORSEE POWER,FR0014005SB3,,,,Euronext Paris
409,FOU,FOUNTAIN,BE0003752665,,,,Euronext Brussels
410,FOXWW,,INE735G01010,,,,
411,FPA,,US33737J1097,,,,
412,FPG,UNION TECH.INFOR.,INE512A01016,,,,Euronext Paris
413,FPXI,,US33734X8535,,,,
414,FRAS,,INE184Q01010,,,,
415,FSSIW,,AU0000064552,,,,
416,FSZ,,US33737J2327,,,,
417,FTA,,US33735J1016,,,,
418,FTAG,,US33734X8121,,,,
419,FTC,,US33735K1088,,,,
420,FTCS,,US33733E1047,,,,
421,FTGC,,US33739H1014,,,,
422,FTHI,,US33738R3084,,,,
423,FTLB,,US33738R4074,,,,
424,FTRI,,US33734X8386,,,,
425,FTSL,,US33738D3098,,,,
426,FTSM,,US33739Q4082,,,,
427,FTXD,,US33738R8299,,,,
428,FTXG,,US33738R8521,,,,
429,FTXH,,US33738R8372,,,,
430,FTXL,,US33738R8117,,,,
431,FTXN,,US33738R8455,,,,
432,FTXO,,US33738R8604,,,,
433,FTXR,,US33738R7952,,,,
434,FV,,US33738R6053,,,,
435,FVC,,US33738R8786,,,,
436,FYC,,US33737M3007,,,,
437,FYT,,US33737M4096,,,,
438,FYX,,US33734Y1091,,,,
439,GABC,,US3738651047,,,,
440,GALP,GALP ENERGIA-NOM,NET000GALD01,,,,Euronext Lisbon
441,GAW,,INE076D01016,,,,
442,GBLB,GBL,INE791A01024,,,,Euronext Brussels
443,GEM,GREEN MINERALS,US3814302069,,,,Euronext Growth Oslo
444,GEN,,AT0000824701,,,,
445,GENK,GENK LOGIST. CERT,BE0003740546,,,,Euronext Brussels
446,GENY,,US74255Y5087,,,,
447,GFC,GECINA,DE0005800601,,,,Euronext Paris
448,GID,EGIDE,FR0000072373,,,,Euronext Paris
449,GIMB,GIMV,BE0003699130,,,,Euronext Brussels
450,GLDI,,US22542D4806,,,,
451,GLEN,,AU000000GC18,,,,
452,GLINT,GLINTT,PTPAD0AM0007,,,,Euronext Lisbon
453,GLSPT,,KYG3934K1031,,,,
454,GMBTW,,KYG7315B1115,,,,
455,GNC,,US36191G1076,,,,
456,GNMA,,US46429B3336,,,,
457,GNP,GNP ENERGY,NO0010886013,,,,Euronext Growth Oslo
458,GOE,GROUPE GORGE,INE516K01024,,,,Euronext Paris
459,GOODO,,US3765368846,,,,
460,GPA,IMOB.C GRAO PARA,FR0000053415,,,,Euronext Lisbon
461,GPACW,,CA7019051019,,,,
462,GPCOR,,EGS32161C019,,,,
463,GPE,GPE GROUP PIZZORNO,FR0010214064,,,,Euronext Paris
464,GREEL,,RU000A0JNMZ0,,,,
465,GREEN,GREENYARD,JE00BYTQ7945,,,,Euronext Brussels
466,GREV,MUSEE GREVIN,FR0000037970,,,,Euronext Paris
467,GRG,,CH0000UGG123,,,,
468,GRID,,US33737A1088,,,,
469,GRW,MOLTEN VENTURES,GB00BY7QYJ50,,,,Euronext Dublin
470,GTT,GTT,IT0001029492,,,,Euronext Paris
471,GV,GENOMIC VISION,IT0005411209,,,,Euronext Paris
472,GVR,GLENVEAGH PROP.PLC,DE000A0Z26C8,,,,Euronext Dublin
473,HAACW,,SA121053VV10,,,,
474,HAMO,HAMON,BE0974352842,,,,Euronext Brussels
475,HAV,HAV GROUP,NO0010931918,,,,Euronext Growth Oslo
476,HCICW,,EGS69261C013,,,,
477,HCIIW,,AU000000HGL2,,,,
478,HDF,HDF,INE040A01034,,,,Euronext Paris
479,HDG,HUNTER DOUGLAS,US74347X2945,,,,Euronext Amsterdam
480,HDP,HOTELS DE PARIS,FR0004165801,,,,Euronext Paris
481,HEGA,HEDOSOPHIA ORD SHA,DE000A3E5ED2,,,,Euronext Amsterdam
482,HEIA,HEINEKEN,JP3834050001,,,,Euronext Amsterdam
483,HEIJM,HEIJMANS,SE0015949037,,,,Euronext Amsterdam
484,HEWG,,US46434V7047,,,,
485,HEXA,HEXAOM,INE750M01017,,,,Euronext Paris
486,HHGCR,,CA42970W1077,,,,
487,HICL,,AU000000HIL8,,,,
488,HIK,,INE475B01022,,,,
489,HLAHW,,AU000000GPS0,,,,
490,HLMA,,DE0005297204,,,,
491,HMSO,,JP3846000002,,,,
492,HO,THALES,SG1H41875896,,,,Euronext Paris
493,HOLCO,HOLLAND COLOURS,LB0000012833,,,,Euronext Amsterdam
494,HOLN,Holcim Ltd,SG2D92977651,,,,Euronext Paris
495,HOP,HOPSCOTCH GROUPE,BMG4600H1198,,,,Euronext Paris
496,HOVNP,,US4424871121,,,,
497,HSBA,,MT0000030107,,,,
498,HSL,,ARDEUT112257,,,,
499,HSV,,NET0000HSE01,,,,
500,HSW,HOSTELWORLD GROUP,NET0000HSE01,,,,Euronext Dublin
501,HUDL,HUDDLESTOCK FINTEC,NO0010859648,,,,Euronext Growth Oslo
502,HUNT,HUNTER GROUP,GG00BLGZJW08,,,,Euronext Expand Oslo
503,HYDRA,HYDRATEC,FR0000064735,,,,Euronext Amsterdam
504,HYLS,,US33738D4088,,,,
505,HYMCZ,,GB0001012045,,,,
506,HYN,HYNION,NO0010920945,,,,Euronext Growth Oslo
507,HYPE3,,JP3765220003,,,,
508,HYPRO,HYDROGENPRO,CS0005049758,,,,Euronext Growth Oslo
509,HYZD,,US97717W4309,,,,
510,I2PO,I2PO SHARES,FR0014004J15,,,,Euronext Paris
511,IAM,MAROC TELECOM,MA0000011488,,,,Euronext Paris
512,IBAB,IBA,CH0129442221,,,,Euronext Brussels
513,IBB,,US4642875565,,,,
514,IBST,,NET000INST24,,,,
515,ICLN,,US4642882249,,,,
516,IDL,ID LOGISTICS GROUP,FR0000079691,,,,Euronext Paris
517,IDLB,,US46138E7682,,,,
518,IEF,,US4642874402,,,,
519,IEI,,US4642886612,,,,
520,IEM,,GG00BTDYD136,,,,
521,IEUS,,US4642884971,,,,
522,IGE,IGE + XAO,US4642873743,,,,Euronext Paris
523,IGF,,US4642883726,,,,
524,IGG,,SE0006091476,,,,
525,IGICW,,KR7000370007,,,,
526,IGOV,,US4642881175,,,,
527,IHYF,,FR0000054231,,,,
528,IJT,,US4642878874,,,,
529,IMAQR,,INE416L01017,,,,
530,IMCD,IMCD,DE000A2TSS58,,,,Euronext Amsterdam
531,IMCV,,JP3922100007,,,,
532,IMI,,AU0000054942,,,,
533,IMMO,IMMOBEL,BE0003893139,,,,Euronext Brussels
534,IMMOP,IMMOPOOL,AT0000A21KS2,,,,Euronext Expert Market
535,IMTXW,,NL0000440477,,,,
536,INA,INAPA-INV.P.GESTAO,JP3146300003,,,,Euronext Lisbon
537,INCLU,INCLUSIO SA/NV,BE0974374069,,,,Euronext Brussels
538,INDV,,INE684U01011,,,,
539,INDY,,US4642895290,,,,
540,INEA,FONCIERE INEA,FR0010341032,,,,Euronext Paris
541,INF,,JP3153850007,,,,
542,INFE,INDLE FIN.ENTREPR.,FR0000066219,,,,Euronext Paris
543,INFR,,US52468L7038,,,,
544,INGA,ING GROEP N.V.,NL0011821202,,,,Euronext Amsterdam
545,INSTA,INSTABANK,NET000INST24,,,,Euronext Growth Oslo
546,INTER,INTERTRUST,RU000A0JPNM1,,,,Euronext Amsterdam
547,INVP,,PTINA0AP0008,,,,
548,IPH,INNATE PHARMA,GB0009737155,,,,Euronext Paris
549,IPKW,,US46138E6445,,,,
550,IPN,IPSEN,US78463X6739,,,,Euronext Paris
551,IPO,,US7599372049,,,,
552,IRD,GROUPE IRD,JP3105190007,,,,Euronext Paris
553,IRES,IRISH RES. PROP.,AU000000IRE2,,,,Euronext Dublin
554,ISHG,,US4642881258,,,,
555,ISLEW,,GB00BNLPYF73,,,,
556,ISTB,,US46432F8591,,,,
557,ITRK,,JP3144600008,,,,
558,ITV,,JP3048770006,,,,
559,IUSB,,US46434V6130,,,,
560,IUSG,,US4642876712,,,,
561,IUSV,,US4642876639,,,,
562,IWG,,AU000000NET8,,,,
563,IWS,INTEGRATED WIND SO,US4642874733,,,,Euronext Growth Oslo
564,IXUS,,US46432F8344,,,,
565,JAM,,AU000000JAL1,,,,
566,JD.,,NET0000JDD12,,,,
567,JDEP,JDE PEET'S,GB00B0WY3Y47,,,,Euronext Amsterdam
568,JDW,,DE000A0B9N37,,,,
569,JEO,,CNE1000013C9,,,,
570,JESC,,JP3386570000,,,,
571,JFJ,,KR7089590004,,,,
572,JSMD,,US47103U2096,,,,
573,JSML,,US47103U1007,,,,
574,JTC,,JP3386260008,,,,
575,JUP,,AU000000JPR6,,,,
576,JWAC,,AU000000JPR6,,,,
577,JWACR,,AU000000JPR6,,,,
578,KBC,KBC,BE0003867844,,,,Euronext Brussels
579,KBWB,,US46138E6288,,,,
580,KBWD,,US46138E6106,,,,
581,KBWP,,US46138E5868,,,,
582,KBWR,,US46138E5785,,,,
583,KBWY,,US46138E5942,,,,
584,KENDR,KENDRION,NL0000852531,,,,Euronext Amsterdam
585,KER,KERING,FR0013156007,,,,Euronext Paris
586,KEYW,KEYWARE TECH.,BE0003880979,,,,Euronext Brussels
587,KGF,,DE0005706501,,,,
588,KIN,KINEPOLIS GROUP,AU000000KIN8,,,,Euronext Brussels
589,KING,THE KINGFISH COMP,NL00150001S5,,,,Euronext Growth Oslo
590,KLAQW,,CA48345H1055,,,,
591,KORI,KORIAN,SG2F40988253,,,,Euronext Paris
592,KPN,KPN KON,AU000000DCG0,,,,Euronext Amsterdam
593,KRAB,KRAFT BANK,US001KRAKE01,,,,Euronext Growth Oslo
594,KRMA,,US37954Y7316,,,,
595,KYOTO,KYOTO GROUP,JP3250400003,,,,Euronext Growth Oslo
596,LACR,LACROIX GROUP,FR0000066607,,,,Euronext Paris
597,LAT,LATECOERE,LV0000100741,,,,Euronext Paris
598,LBPSW,,GB00BSVYN304,,,,
599,LEBL,FONCIERE 7 INVEST,FR0000121295,,,,Euronext Paris
600,LFACU,,US50202D2018,,,,
601,LGEN,,JP3282850001,,,,
602,LIG,LISGRAFICA,KR7079550000,,,,Euronext Lisbon
603,LIGHT,SIGNIFY NV,INE835U01019,,,,Euronext Amsterdam
604,LIO,,SG1BD6000002,,,,
605,LIT,LITHO FORMAS,US37954Y8553,,,,Euronext Access Lisbon
606,LLOY,,INE281B01032,,,,
607,LMAOW,,CA09000L1040,,,,
608,LMBS,,US33739Q2003,,,,
609,LMP,,GB00B12MHD28,,,,
610,LOCAL,SOLOCAL GROUP,GB00B1VS7G47,,,,Euronext Paris
611,LOVE,,US54738L1098,,,,
612,LPCN,,US53630X1046,,,,
613,LPE,LAURENT-PERRIER,CH0039074692,,,,Euronext Paris
614,LR,LEGRAND,JP3823400001,,,,Euronext Paris
615,LSEG,,NET000L3G3N3,,,,
616,LTA,ALTAMIR,SG1I47882655,,,,Euronext Paris
617,LUMI,LUMI GRUPPEN,NO0010927288,,,,Euronext Growth Oslo
618,LUXAW,,INE150G01020,,,,
619,LVHD,,US52468L4068,,,,
620,LXI,,AU000000AXI8,,,,
621,LYS,LYSOGENE,INE142K01011,,,,Euronext Paris
622,LYTIX,LYTIX BIOPHARMA,NO0010405780,,,,Euronext Growth Oslo
623,MAAQU,,US56168P2039,,,,
624,MAAT,MAAT PHARMA,FR0012634822,,,,Euronext Paris
625,MAB,,DE000A2YPJN6,,,,
626,MAJ,MAJOREL GROUP LUX,LU2382956378,,,,Euronext Amsterdam
627,MALT,MALTERIES FCO-BEL.,FR0000030074,,,,Euronext Paris
628,MAREL,MAREL,DE000A0H1GY2,,,,Euronext Amsterdam
629,MAU,MAUREL ET PROM,INE150D01019,,,,Euronext Paris
630,MBB,,US4642885887,,,,
631,MBWS,MBWS,FR0000060873,,,,Euronext Paris
632,MCC,IMMO MCC,GB00BJ3VW957,,,,Euronext Brussels
633,MCEF,,US33740F5089,,,,
634,MCHI,,US46429B6719,,,,
635,MCP,MEDIA CAPITAL,CA25537Y2033,,,,Euronext Lisbon
636,MCPHY,MCPHY ENERGY,AU000000MCP2,,,,Euronext Paris
637,MCRO,,US45409B2060,,,,
638,MDIV,,US33738R1005,,,,
639,MDM,MAISONS DU MONDE,FR0013153541,,,,Euronext Paris
640,MEDCL,MEDINCELL,SE0009160872,,,,Euronext Paris
641,MELE,MELEXIS,JP3921080002,,,,Euronext Brussels
642,MERY,MERCIALYS,PLMRCOR00016,,,,Euronext Paris
643,METXW,,DE000A0N3EU3,,,,
644,MIKO,MIKO,BE0003731453,,,,Euronext Brussels
645,MIO,MINCON GROUP PLC,IE00BD64C665,,,,Euronext Growth Dublin
646,MITRA,MITHRA,ID1000118607,,,,Euronext Brussels
647,MKS,,CA65685J1030,,,,
648,MLACW,,FR0010717579,,,,
649,MLAUD,AUDIENCE LABS,FR0011896463,,,,Euronext Access Paris
650,MLAZL,AZ LEASING,IT0004812258,,,,Euronext Access Paris
651,MLBAR,BARINGS CORE SPAIN,ES0105362000,,,,Euronext Access Paris
652,MLBAT,BATLA MINERALS,FR0010436170,,,,Euronext Access Paris
653,MLC,MALIN CORP. PLC,GB00BJ3VW957,,,,Euronext Growth Dublin
654,MLCAC,LOMBARD ET MEDOT,FR0006205019,,,,Euronext Access Paris
655,MLEVE,EVERSET,RU000A0JT7Y2,,,,Euronext Access Paris
656,MLHPE,HOPENING,FR0010312181,,,,Euronext Access Paris
657,MLPRX,PARX MATERIALS NV,US00143K3352,,,,Euronext Access Paris
658,MLTRO,TROC ILE,DE000BFB0027,,,,Euronext Access Paris
659,MMB,LAGARDERE SA,AU000000IMS3,,,,Euronext Paris
660,MNDI,,IT0001469383,,,,
661,MONC,MONCEY (FIN.) NOM.,IT0001469383,,,,Euronext Paris
662,MONCW,,NET000CRCL01,,,,
663,MONT,MONTEA,BE0003853703,,,,Euronext Brussels
664,MONY,,US46429B2593,,,,
665,MOP,MOPOLI,NL0000488153,,,,Euronext Brussels
666,MOUR,MOURY CONSTRUCT,BE0003602134,,,,Euronext Brussels
667,MPACR,,FI4000507488,,,,
668,MRL,MERLIN PROPERTIES,ES0105025003,,,,Euronext Lisbon
669,MTACW,,KYG3166N1060,,,,
670,MTO,,KR7009680000,,,,
671,MTU,MANITOU BF,FR0000038606,,,,Euronext Paris
672,MUN,MICROPOLE,SG2C34962861,,,,Euronext Paris
673,NAACW,,CA65389P1080,,,,
674,NACON,NACON,FR0013482791,,,,Euronext Paris
675,NAI,NAI ORD SHARES,JP3640800003,,,,Euronext Amsterdam
676,NAVYA,NAVYA,NO0010708605,,,,Euronext Paris
677,NBX,NORWEGIAN BLOCK EX,INE095N01031,,,,Euronext Growth Oslo
678,NCOD,NORCOD,SE0011563410,,,,Euronext Growth Oslo
679,NEDAP,NEDAP,PLYLWHT00012,,,,Euronext Amsterdam
680,NEDSE,MKB Nedsense,NL0009312842,,,,Euronext Amsterdam
681,NEOEN,NEOEN,KR7002350007,,,,Euronext Paris
682,NEWAY,NEWAYS ELECTRONICS,CNE100001SJ6,,,,Euronext Amsterdam
683,NEXTA,NEXTENSA,JP3758210003,,,,Euronext Brussels
684,NEXTS,NEXTSTAGE,FR0012789386,,,,Euronext Paris
685,NFTY,,US4540891037,,,,
686,NG.,,JO3127011018,,,,
687,NK,IMERYS,JP3691400000,,,,Euronext Paris
688,NOKIA,NOKIA,ARDEUT110533,,,,Euronext Paris
689,NORDH,NORDHEALTH A-AKSJE,NO0011002651,,,,Euronext Growth Oslo
690,NORSE,NORSE ATLANTIC,NO0010861115,,,,Euronext Growth Oslo
691,NORTH,NORTH ENERGY,SE0005504669,,,,Euronext Expand Oslo
692,NOS,"NOS, SGPS",GB00BZ76F335,,,,Euronext Lisbon
693,NR21,NR21,FR0014001PV6,,,,Euronext Paris
694,NRACW,,FR0004170017,,,,
695,NSE,NEW SOURCES ENERGY,NL0009822014,,,,Euronext Amsterdam
696,NSOL,NORSK SOLAR,NO0010941925,,,,Euronext Growth Oslo
697,NTEL,NORTEL,NO0010900087,,,,Euronext Growth Oslo
698,NTI,NORSK TITANIUM,INE871D04089,,,,Euronext Growth Oslo
699,NXI,NEXITY,FR0013447026,,,,Euronext Paris
700,NXT,,US98951C1062,,,,
701,NXTG,,JO2103411010,,,,
702,NYR,NYRSTAR,BE0974294267,,,,Euronext Brussels
703,OBEL,ORANGE BELGIUM,CH0001671707,,,,Euronext Brussels
704,OCDO,,GB0034202076,,,,
705,OCI,OCI,KR7010060002,,,,Euronext Amsterdam
706,ODET,COMPAGNIE ODET,BG11KOVABT17,,,,Euronext Paris
707,ODYSY,ODYSSEY ORD SHARES,AU000000ODY8,,,,Euronext Amsterdam
708,OEPWW,,NET000MOTEL1,,,,
709,OIZ,ORIGIN ENT. PLC,JP3170100006,,,,Euronext Growth Dublin
710,OLITU,,US68218C2070,,,,
711,OMCL,,US68213N1090,,,,
712,ONEQ,,US3159128087,,,,
713,ONTEX,ONTEX GROUP,FR0000064958,,,,Euronext Brussels
714,OPINL,,CA1129006831,,,,
715,OPN,GROUPE OPEN,FR0004050300,,,,Euronext Paris
716,ORAP,ORAPI,FR0000075392,,,,Euronext Paris
717,ORDI,ORDINA,NL0000440584,,,,Euronext Amsterdam
718,ORE,OREY ANTUNES ESC.,AU000XINAAR8,,,,Euronext Lisbon
719,OREGE,OREGE,FR0010609206,,,,Euronext Paris
720,ORP,ORPEA,FR0000075392,,,,Euronext Paris
721,OSB,,GB00BLDRH360,,,,
722,OSE,OSE IMMUNO,AU0000053324,,,,Euronext Paris
723,OSTRW,,INE735G01010,,,,
724,OTOVO,OTOVO,NO0010809783,,,,Euronext Growth Oslo
725,OVH,OVH,NET000OVI444,,,,Euronext Paris
726,OXB,,INE063E01046,,,,
727,OXIG,,INE063E01046,,,,
728,PABSA,PARROT BSA 1,FR0000038465,,,,Euronext Paris
729,PACE,PEGASUS ORD SHARES,FR0000077992,,,,Euronext Amsterdam
730,PAEWW,,KR7005800008,,,,
731,PARP,GROUPE PARTOUCHE,CA5441781062,,,,Euronext Paris
732,PARRO,PARROT,INE126A01031,,,,Euronext Paris
733,PAT,PATRIMOINE ET COMM,IN9529D01012,,,,Euronext Paris
734,PDP,,US46137V8375,,,,
735,PEACE,PEGASUS ENTREP SHA,CNE100002GV4,,,,Euronext Amsterdam
736,PERR,PERRIER (GERARD),FR0000061459,,,,Euronext Paris
737,PEUG,PEUGEOT INVEST,JP3104830009,,,,Euronext Paris
738,PEY,,US46137V5637,,,,
739,PEZ,,US46137V8037,,,,
740,PFDRW,,AU0000104580,,,,
741,PFF,,US4642886877,,,,
742,PFI,,US46137V8607,,,,
743,PFM,,US46137V5066,,,,
744,PGJ,,US46137V5710,,,,
745,PHA,PHARMAGEST INTER.,FR0012882389,,,,Euronext Paris
746,PHARM,PHARMING GROUP,KR7249420001,,,,Euronext Amsterdam
747,PHIA,PHILIPS KON,JO4121911013,,,,Euronext Amsterdam
748,PHICW,,INE029L01018,,,,
749,PHO,,US46137V1420,,,,
750,PIC,PICANOL,US73935X6417,,,,Euronext Brussels
751,PID,,US46137V5488,,,,
752,PIE,,US46138E8672,,,,
753,PIG,HAULOTTE GROUP,JP3747000002,,,,Euronext Paris
754,PIN,,US46137R1095,,,,
755,PIO,,US46138E6510,,,,
756,PIZ,,US46138E8755,,,,
757,PKW,,US46137V3087,,,,
758,PLW,,US46138E1073,,,,
759,PNL,,SG1R37924805,,,,
760,PNQI,,US46137V5306,,,,
761,POWRW,,DE000A2AA5A0,,,,
762,POXEL,POXEL,PLVOXEL00014,,,,Euronext Paris
763,PPH,,US92189F6925,,,,
764,PRC,ARTMARKET COM,FR0000074783,,,,Euronext Paris
765,PREVA,VALUE8 CUM PREF,SE0000356008,,,,Euronext Amsterdam
766,PRFZ,,US46137V5975,,,,
767,PRN,,US46137V8458,,,,
768,PROAC,PROACTIS SA,SE0015961222,,,,Euronext Paris
769,PROBS,PROLOGUE BSA 2017,AU000000PBP7,,,,Euronext Growth Paris
770,PROL,PROLOGUE,FR0010380626,,,,Euronext Paris
771,PROXI,PROXIMAR SEAFOOD,NO0010893902,,,,Euronext Growth Oslo
772,PSAGW,,IT0005023038,,,,
773,PSC,,US74255Y6077,,,,
774,PSCC,,US46138E1727,,,,
775,PSCD,,US46138E1800,,,,
776,PSCE,,US46138E1644,,,,
777,PSCF,,US46138E1560,,,,
778,PSCH,,US46138E1495,,,,
779,PSCI,,US46138E1230,,,,
780,PSCM,,US46138G2012,,,,
781,PSCT,,US46138E1156,,,,
782,PSCU,,US46138G4091,,,,
783,PSH,,CA36175A1003,,,,
784,PSL,,US46137V8862,,,,
785,PSON,,KR7005810007,,,,
786,PTF,,US46137V8110,,,,
787,PTH,,US46137V8524,,,,
788,PUB,PUBLICIS GROUPE SA,GB00BYWRS683,,,,Euronext Paris
789,PUI,,US46137V7955,,,,
790,PWG,PRODWAYS,FR0013356755,,,,Euronext Paris
791,PXI,,US46137V8789,,,,
792,PYRUM,PYRUM INNOVATIONS,DE000A2G8ZX8,,,,Euronext Growth Oslo
793,PYZ,,US46137V7047,,,,
794,QABA,,US33736Q1040,,,,
795,QAT,,US46434V7799,,,,
796,QCLN,,US33733E5006,,,,
797,QFG,QUESTFOR GR-PRICAF,EGS69101C011,,,,Euronext Brussels
798,QLT,,US3516805096,,,,
799,QQ,,AU000000QVE7,,,,
800,QQEW,,US3373441050,,,,
801,QQQ,,US46090E1038,,,,
802,QQXT,,US33733E4017,,,,
803,QRF,QRF,BE0974272040,,,,Euronext Brussels
804,QRTEP,,US74915M3088,,,,
805,QUEST,QUESTBACK GROUP,JP3266130008,,,,Euronext Growth Oslo
806,QYLD,,US37954Y4834,,,,
807,QYLG,,NET00XBRIX11,,,,
808,RAL,RALLYE,FR0000060618,,,,Euronext Paris
809,RANA,RANA GRUBER,NO0010907389,,,,Euronext Growth Oslo
810,RAT,,IT0004724107,,,,
811,RBO,ROCHE BOBOIS,FR0013344173,,,,Euronext Paris
812,RBT,ROBERTET,FR0000039091,,,,Euronext Paris
813,RCH,,DE000A1RFMY4,,,,
814,RCLFW,,CA5372261027,,,,
815,RCP,,US06738C8284,,,,
816,RDSA,ROYAL DUTCH SHELLA,JP3967450002,,,,Euronext Amsterdam
817,RDSB,ROYAL DUTCH SHELLB,INE245L01010,,,,Euronext Amsterdam
818,RDVY,,US33738R5063,,,,
819,REDD,,GB00B7TW1V39,,,,
820,REINA,REINET INVESTMENTS,KR7003690005,,,,Euronext Amsterdam
821,REN,RELX,PTREL0AM0008,,,,Euronext Amsterdam
822,RENE,REN,PTREL0AM0008,,,,Euronext Lisbon
823,RENT3,,JP3981850005,,,,
824,RET,RETAIL ESTATES,BE0003720340,,,,Euronext Brussels
825,RFDI,,JO2103411010,,,,
826,RFEM,,US33739P7078,,,,
827,RFEU,,US33739P8068,,,,
828,RING,,US46434G8556,,,,
829,RIVER,RIVER TECH,JP3974550000,,,,Euronext Growth Oslo
830,RMG,,INE655V01019,,,,
831,RMS,HERMES INTL,FR0000052292,,,,Euronext Paris
832,ROCLU,,US77867R2094,,,,
833,ROM,ROMREAL,US74347R6936,,,,Euronext Expand Oslo
834,ROMER,ROMERIKE SPAREBK,BMG763301022,,,,Euronext Growth Oslo
835,ROOD,ROODMICROTEC,NL0000440477,,,,Euronext Amsterdam
836,ROR,,JP3982200002,,,,
837,ROTH,ROTHSCHILD & CO,US71715Y1029,,,,Euronext Paris
838,ROU,ROULARTA,BE0003741551,,,,Euronext Brussels
839,RSW,,US78355W7671,,,,
840,RTH,,US92189F6842,,,,
841,RTO,,INE535D01029,,,,
842,RUI,RUBIS,BG1100084075,,,,Euronext Paris
843,RVPHW,,INE159A01016,,,,
844,RWI,RENEWI,BG1100026076,,,,Euronext Amsterdam
845,RXL,REXEL,US74347R7355,,,,Euronext Paris
846,RYA,RYANAIR HOLD. PLC,RU000A0D9AF5,,,,Euronext Dublin
847,RYTM,,US76243J1051,,,,
848,SABE,SAINT JEAN GROUPE,FR0000060121,,,,Euronext Paris
849,SACI,FIDUCIAL OFF.SOL.,ARLRIC300027,,,,Euronext Paris
850,SAIN,,JP3424980005,,,,
851,SAMS,SAMSE,FR0000060071,,,,Euronext Paris
852,SBMO,SBM OFFSHORE,DE000A3E5CP0,,,,Euronext Amsterdam
853,SBRY,,INE431C01023,,,,
854,SBUX,,US8552441094,,,,
855,SCHD,SCHEERD.V KERCHOVE,US8085247976,,,,Euronext Brussels
856,SCHP,SECHE ENVIRONNEM.,US8085248701,,,,Euronext Paris
857,SCP,SPORTING,PTSCP0AM0001,,,,Euronext Lisbon
858,SCPS,,US8091711015,,,,
859,SCR,SCOR SE,JP3913600007,,,,Euronext Paris
860,SCZ,,US4642882736,,,,
861,SDACW,,INE001A01036,,,,
862,SDP,,US74347B7221,,,,
863,SDR,,AU000000SSM2,,,,
864,SDT,VISIODENT,DE000A3CM708,,,,Euronext Paris
865,SEC,SODITECH,FR0000078321,,,,Euronext Paris
866,SEIT,,JP3722200007,,,,
867,SELER,SELECTIRENTE,FR0004175842,,,,Euronext Paris
868,SEQUA,SEQUANA MEDICAL,BE0974340722,,,,Euronext Brussels
869,SESL,SES IMAGOTAG,INE195F01019,,,,Euronext Paris
870,SGO,SAINT GOBAIN,FR0000125007,,,,Euronext Paris
871,SGRO,SEGRO PLC,GB00B5ZN1N88,,,,Euronext Paris
872,SHB,,CNE100003P17,,,,
873,SHIPZ,,JP3390360000,,,,
874,SHUR,SHURGARD,INE344E01016,,,,Euronext Brussels
875,SHV,,US4642886794,,,,
876,SHY,,US4642874576,,,,
877,SIGHT,GENSIGHT BIOLOGICS,FR0010035816,,,,Euronext Paris
878,SIKRI,SIKRI HOLDING,NO0010881717,,,,Euronext Growth Oslo
879,SIP,SIPEF,AU000000SRI2,,,,Euronext Brussels
880,SK,S.E.B.,FR0000121709,,,,Euronext Paris
881,SKAND,SKANDIA GREENPOWER,NO0010739402,,,,Euronext Growth Oslo
882,SKG,,NO0010861115,,,,
883,SKOR,,US33939L7617,,,,
884,SKYY,,US33734X1928,,,,
885,SLCO,SELCODIS,US84609P1030,,,,Euronext Paris
886,SLCRW,,INE222U01010,,,,
887,SLQD,,US46434V1008,,,,
888,SLVO,,US22542D4491,,,,
889,SMCP,,US26922A8348,,,,
890,SMH,,US92189F6768,,,,
891,SMIN,,US46429B6149,,,,
892,SNLN,,US4301017749,,,,
893,SNRHW,,JP3300950007,,,,
894,SNSR,,US37954Y7803,,,,
895,SOCL,,US37950E4162,,,,
896,SOF,SOFINA,NO0010811961,,,,Euronext Brussels
897,SOG,SOGECLAIR,IT0000076536,,,,Euronext Paris
898,SOLB,SOLVAY,NET000SOLA01,,,,Euronext Brussels
899,SOLV,SOLVAC NOM(RETAIL),BE0003545531,,,,Euronext Brussels
900,SONG,,CNE000000KY5,,,,
901,SOP,SOPRA STERIA GROUP,US74347B6645,,,,Euronext Paris
902,SOXX,,US4642875235,,,,
903,SPA,SPADEL,IT0001447348,,,,Euronext Brussels
904,SPEL,FONCIERE VOLTA,BG1100007126,,,,Euronext Paris
905,SPIE,SPIE,FR0000054371,,,,Euronext Paris
906,SPKAR,,JP3163800000,,,,
907,SQQQ,,US74347G4082,,,,
908,SRET,,US37950E1275,,,,
909,SSAAW,,FI4000507488,,,,
910,SSE,,FR0013459369,,,,
911,STATT,STATT TORSK,NO0010775844,,,,Euronext Growth Oslo
912,STF,STEF,ZAE000123766,,,,Euronext Paris
913,SVS,,SE0014808853,,,,
914,SW,SODEXO,FR0000121220,,,,Euronext Paris
915,SWP,SWORD GROUP,CH0000SWISS7,,,,Euronext Paris
916,SX,CS GROUP.,DE000A0DPRE6,,,,Euronext Paris
917,SXS,,SE0016609499,,,,
918,SYNC,,GG00B8P59C08,,,,
919,SYNT,,JP3180800009,,,,
920,SZZLU,,US83014E2081,,,,
921,TATE,,GB0008754466,,,,
922,TAYN,TAYNINH,FR0000063307,,,,Euronext Paris
923,TBCPW,,CA22821L1040,,,,
924,TBIRD,THUNDERBIRD,NET000BIRD01,,,,Euronext Amsterdam
925,TCO,TESCO PLC,INE480M01011,,,,Euronext Dublin
926,TDIV,,US33738R1187,,,,
927,TECO,TECO 2030,IT0005037210,,,,Euronext Growth Oslo
928,TEKKW,,DE000A2BPK34,,,,
929,TEKNA,TEKNA HOLDING,NO0010951577,,,,Euronext Growth Oslo
930,TERB,TER BEKE,ROTRPLACNOR7,,,,Euronext Brussels
931,TESB,TESSENDERLO,PLTSGS000019,,,,Euronext Brussels
932,TET,TETRYS,JP3545620001,,,,Euronext Expert Market
933,TEXF,TEXAF,INE186R01013,,,,Euronext Brussels
934,TFF,TFF GROUP,GRS316007004,,,,Euronext Paris
935,TFG,TETRAGON FIN GRP,GG00B1RMC548,,,,Euronext Amsterdam
936,TFI,TF1,US78468R7219,,,,Euronext Paris
937,THEP,THERMADOR GROUPE,NET000THEMI0,,,,Euronext Paris
938,TINC,TINC,BE0974282148,,,,Euronext Brussels
939,TIPI,TIPIAK,FR0000066482,,,,Euronext Paris
940,TIRX,,KYG8884K1022,,,,
941,TLGYU,,KYG8656T1177,,,,
942,TLT,,US4642874329,,,,
943,TNG,TRANSGENE,RU000A0ET5A1,,,,Euronext Paris
944,TQQQ,,US74347X8314,,,,
945,TRAN,TRANSITION SHARES,PLTRNSP00013,,,,Euronext Paris
946,TRANW,TRANSITION WARRANT,INE0BIW01023,,,,Euronext Paris
947,TUB,TUBIZE-FIN,DE000A2PXQD4,,,,Euronext Brussels
948,TUR,,US4642867158,,,,
949,TUSA,,US33733E7085,,,,
950,UAE,,US46434V7617,,,,
951,UBI,UBISOFT ENTERTAIN,FR0000054470,,,,Euronext Paris
952,UCB,UCB,JP3157250006,,,,Euronext Brussels
953,UFF,UNION FIN.FRANCE,FR0000034548,,,,Euronext Paris
954,UKW,,US74347R5110,,,,
955,ULE,,US74347W8745,,,,
956,ULVR,,INE481G01011,,,,
957,UMG,UMG,NL0015000IY2,,,,Euronext Amsterdam
958,UNBL,UNIBEL,INE030A01027,,,,Euronext Paris
959,UPG,UNIFIEDPOST GROUP,SG1K55001665,,,,Euronext Brussels
960,UPR,UNIPHAR PLC,IE00BJ5FQX74,,,,Euronext Growth Dublin
961,URW,UNIBAIL-RODAMCO-WE,RU0007661302,,,,Euronext Amsterdam
962,USIG,,AU000000GNG0,,,,
963,USLB,,US46138E4127,,,,
964,V,,US92826C8394,,,,
965,VAF,VAA VISTA ALEGRE,NL0010661864,,,,Euronext Lisbon
966,VALUE,VALUE8,DE0007600405,,,,Euronext Amsterdam
967,VAM,VAM INVEST SHARES,NL0015000G40,,,,Euronext Amsterdam
968,VAN,VAN DE VELDE,GB00BYX4TP46,,,,Euronext Brussels
969,VASTB,VASTNED BELGIUM,BE0003754687,,,,Euronext Brussels
970,VASTN,VASTNED,BE0003754687,,,,Euronext Amsterdam
971,VBNK,,CA92512J1066,,,,
972,VCIT,,US92206C8709,,,,
973,VCLT,,US92206C8139,,,,
974,VCSH,,US92206C4096,,,,
975,VCT,,GB00B17B3479,,,,
976,VEIL,,INE576B01019,,,,
977,VENAR,,AU000000VMC0,,,,
978,VENAW,,AU000000VMC0,,,,
979,VETO,VETOQUINOL,IT0004171440,,,,Euronext Paris
980,VGIT,,US92206C7065,,,,
981,VGLT,,US92206C8477,,,,
982,VGP,VGP,AU000000R3D8,,,,Euronext Brussels
983,VGSH,,US92206C1027,,,,
984,VHNAU,,VGG9320Z1255,,,,
985,VIE,VEOLIA ENVIRON.,FR0000050049,,,,Euronext Paris
986,VIL,VIEL ET COMPAGNIE,CH0002609656,,,,Euronext Paris
987,VIO,VIOHALCO,BE0974271034,,,,Euronext Brussels
988,VIRP,VIRBAC,NET000VIAM99,,,,Euronext Paris
989,VK,VALLOUREC,NO0003025009,,,,Euronext Paris
990,VLA,VALNEVA,RU0007984761,,,,Euronext Paris
991,VLK,V LANSCHOT KEMPEN,RU0007984761,,,,Euronext Amsterdam
992,VMBS,,US92206C7719,,,,
993,VNQI,,US9220426764,,,,
994,VONE,,US92206C7305,,,,
995,VONG,,US92206C6802,,,,
996,VONV,,US92206C7149,,,,
997,VPK,VOPAK,DE0006911605,,,,Euronext Amsterdam
998,VRAP,VRANKEN-POMMERY,ROVRJUACNOR7,,,,Euronext Paris
999,VRIG,,US46090A8797,,,,
1000,VRLA,VERALLIA,INE548D01014,,,,Euronext Paris
1001,VTA,VOLTA FINANCE,DE000VTG9999,,,,Euronext Amsterdam
1002,VTHR,,US92206C5994,,,,
1003,VTWG,,US92206C6232,,,,
1004,VTWO,,US92206C6646,,,,
1005,VTWV,,US92206C6497,,,,
1006,VWOB,,US9219468850,,,,
1007,VXUS,,US9219097683,,,,
1008,VYMI,,US9219467944,,,,
1009,WAGA,WAGA ENERGY,FR0012532810,,,,Euronext Paris
1010,WEB,WAREHOUSES ESTATES,BE0003734481,,,,Euronext Brussels
1011,WEST,WESTERN BULK CHART,NO0010768096,,,,Euronext Growth Oslo
1012,WIZZ,,FR00140047H7,,,,
1013,WLN,WORLDLINE,NET000WIND41,,,,Euronext Paris
1014,WOLS,WOL. SHOPPING CERT,CNE000001BJ3,,,,Euronext Brussels
1015,WOOD,,US4642881746,,,,
1016,WTB,,RU000A0JP5V6,,,,
1017,WTW,,IE00BDB6Q211,,,,
1018,WWH,,CNE000001DJ9,,,,
1019,XIL,XILAM ANIMATION,CNE100001JQ0,,,,Euronext Paris
1020,XIOR,XIOR,FI4000480454,,,,Euronext Brussels
1021,XPP,,US74347X8801,,,,
1022,XT,,US46434V3814,,,,
1023,YATRA,YATRA,SK1110001502,,,,Euronext Amsterdam
1024,YEW,YEW GROVE REIT PLC,IE00BDT5KP12,,,,Euronext Dublin
1025,ZENA,ZENITH ENERGY,INE520A01027,,,,Euronext Growth Oslo
1026,ZINGU,,US30320F2056,,,,
